-- phpMyAdmin SQL Dump
-- version 5.0.4
-- https://www.phpmyadmin.net/
--
-- Host: 127.0.0.1
-- Generation Time: Dec 25, 2020 at 07:06 PM
-- Server version: 10.4.16-MariaDB
-- PHP Version: 7.4.12

SET SQL_MODE = "NO_AUTO_VALUE_ON_ZERO";
START TRANSACTION;
SET time_zone = "+00:00";


/*!40101 SET @OLD_CHARACTER_SET_CLIENT=@@CHARACTER_SET_CLIENT */;
/*!40101 SET @OLD_CHARACTER_SET_RESULTS=@@CHARACTER_SET_RESULTS */;
/*!40101 SET @OLD_COLLATION_CONNECTION=@@COLLATION_CONNECTION */;
/*!40101 SET NAMES utf8mb4 */;

--
-- Database: `db_event`
--

-- --------------------------------------------------------

--
-- Table structure for table `tbl_booking`
--

CREATE TABLE `tbl_booking` (
  `Booking_ID` int(11) NOT NULL,
  `User_ID` int(11) NOT NULL,
  `Booking_Date` date NOT NULL,
  `Company_id` int(11) NOT NULL,
  `Service_id` int(11) NOT NULL
) ENGINE=InnoDB DEFAULT CHARSET=utf8;

--
-- Dumping data for table `tbl_booking`
--

INSERT INTO `tbl_booking` (`Booking_ID`, `User_ID`, `Booking_Date`, `Company_id`, `Service_id`) VALUES
(1, 11, '2020-12-14', 29, 3),
(2, 11, '2020-12-15', 29, 3),
(10, 16, '2020-12-29', 32, 21),
(12, 16, '2020-12-25', 29, 3);

-- --------------------------------------------------------

--
-- Table structure for table `tbl_service`
--

CREATE TABLE `tbl_service` (
  `ID` int(11) NOT NULL,
  `Company_Name` text NOT NULL,
  `User_id` int(11) NOT NULL,
  `Service_Image` text NOT NULL,
  `Service_Details` text NOT NULL,
  `Event_Type` text NOT NULL,
  `Service_Charge` varchar(11) NOT NULL
) ENGINE=InnoDB DEFAULT CHARSET=utf8;

--
-- Dumping data for table `tbl_service`
--

INSERT INTO `tbl_service` (`ID`, `Company_Name`, `User_id`, `Service_Image`, `Service_Details`, `Event_Type`, `Service_Charge`) VALUES
(3, 'Elleaevents', 29, 'b1.jpg', 'Elleaevents offers a perfect service to meet your specific Birthday Planning needs. Our package includes consulting with a team of experts who have experience in Birthday Planning. Full event planning includes:Comprehensive meeting with our in-house designers to get an understanding of your vision, style and design preferences,Design support for all aspects of the event,     Lead coordinator and up to 1-2 assistants for the Event (staffing dependent on guest count), Create detailed timeline of events and distribute accordingly, Thorough vendor details   Calling to confirm details and times of arrival/delivery,        Handle distribution of payment to each vendor,    Handle clients “final touches,” such as:        Setting out programs, Reserved signs, Menu cards, Place cards, Gift Table, Guest book.    Assist with direction of guest seating for ceremony and reception.', 'Birthday', '*****'),
(4, 'Elleaevents', 29, 'a5.jpg', 'Elleaevents offers a perfect service to meet your specific Aqiqa Planning needs. Our package includes consulting with a team of experts who have experience in Aqiqa Planning. \r\nFull event planning includes:\r\nComprehensive meeting with our in-house designers to get an understanding of your vision, style and design preferences,\r\nDesign support for all aspects of the event,     \r\nLead coordinator and up to 1-2 assistants for the Event (staffing dependent on guest count),\r\n Create detailed timeline of events and distribute accordingly,\r\n Thorough vendor details\r\n   Calling to confirm details and times of arrival/delivery,\r\n        Handle distribution of payment to each vendor,\r\n    Handle clients “final touches,” such as:\r\n        Setting out programs, Reserved signs, Menu cards, Place cards, Gift Table, Guest book.\r\n    Assist with direction of guest seating for ceremony and reception.\r\n', 'Aqiqa', '*****'),
(5, 'Elleaevents', 29, 'e10.jpg', 'Elleaevents offers a perfect service to meet your specific Engagement Planning needs. Our package includes consulting with a team of experts who have experience in Engagement Planning. \r\nFull event planning includes:\r\nComprehensive meeting with our in-house designers to get an understanding of your vision, style and design preferences,\r\nDesign support for all aspects of the event,     \r\nLead coordinator and up to 1-2 assistants for the Event (staffing dependent on guest count),\r\n Create detailed timeline of events and distribute accordingly,\r\n Thorough vendor details\r\n   Calling to confirm details and times of arrival/delivery,\r\n        Handle distribution of payment to each vendor,\r\n    Handle clients “final touches,” such as:\r\n        Setting out programs, Reserved signs, Menu cards, Place cards, Gift Table, Guest book.\r\n    Assist with direction of guest seating for ceremony and reception.\r\n', 'Engagement', '*****'),
(6, 'Elleaevents', 29, 'h1.jpg', 'Elleaevents offers a perfect service to meet your specific Haldi Planning needs. Our package includes consulting with a team of experts who have experience in Haldi Planning. \r\nFull event planning includes:\r\nComprehensive meeting with our in-house designers to get an understanding of your vision, style and design preferences,\r\nDesign support for all aspects of the event,     \r\nLead coordinator and up to 1-2 assistants for the Event (staffing dependent on guest count),\r\n Create detailed timeline of events and distribute accordingly,\r\n Thorough vendor details\r\n   Calling to confirm details and times of arrival/delivery,\r\n        Handle distribution of payment to each vendor,\r\n    Handle clients “final touches,” such as:\r\n        Setting out programs, Reserved signs, Menu cards, Place cards, Gift Table, Guest book.\r\n    Assist with direction of guest seating for ceremony and reception.\r\n', 'Haldi', '*****'),
(7, 'Elleaevents', 29, 'm4.jpg', 'Elleaevents offers a perfect service to meet your specific Mehendi Planning needs. Our package includes consulting with a team of experts who have experience in Mehendi Planning. \r\nFull event planning includes:\r\nComprehensive meeting with our in-house designers to get an understanding of your vision, style and design preferences,\r\nDesign support for all aspects of the event,     \r\nLead coordinator and up to 1-2 assistants for the Event (staffing dependent on guest count),\r\n Create detailed timeline of events and distribute accordingly,\r\n Thorough vendor details\r\n   Calling to confirm details and times of arrival/delivery,\r\n        Handle distribution of payment to each vendor,\r\n    Handle clients “final touches,” such as:\r\n        Setting out programs, Reserved signs, Menu cards, Place cards, Gift Table, Guest book.\r\n    Assist with direction of guest seating for ceremony and reception.\r\n', 'Mehendi', '*****'),
(8, 'Elleaevents', 29, 'sn14.jpg', 'Elleaevents offers a perfect service to meet your specific Sangeet Planning needs. Our package includes consulting with a team of experts who have experience in Sangeet Planning. \r\nFull event planning includes:\r\nComprehensive meeting with our in-house designers to get an understanding of your vision, style and design preferences,\r\nDesign support for all aspects of the event,     \r\nLead coordinator and up to 1-2 assistants for the Event (staffing dependent on guest count),\r\n Create detailed timeline of events and distribute accordingly,\r\n Thorough vendor details\r\n   Calling to confirm details and times of arrival/delivery,\r\n        Handle distribution of payment to each vendor,\r\n    Handle clients “final touches,” such as:\r\n        Setting out programs, Reserved signs, Menu cards, Place cards, Gift Table, Guest book.\r\n    Assist with direction of guest seating for ceremony and reception.\r\n', 'Sangeet', '*****'),
(9, 'Elleaevents', 29, 'w9.jpg', 'Elleaevents offers a perfect service to meet your specific Wedding Planning needs. Our package includes consulting with a team of experts who have experience in Wedding Planning. \r\nFull event planning includes:\r\nComprehensive meeting with our in-house designers to get an understanding of your vision, style and design preferences,\r\nDesign support for all aspects of the event,     \r\nLead coordinator and up to 1-2 assistants for the Event (staffing dependent on guest count),\r\n Create detailed timeline of events and distribute accordingly,\r\n Thorough vendor details\r\n   Calling to confirm details and times of arrival/delivery,\r\n        Handle distribution of payment to each vendor,\r\n    Handle clients “final touches,” such as:\r\n        Setting out programs, Reserved signs, Menu cards, Place cards, Gift Table, Guest book.\r\n    Assist with direction of guest seating for ceremony and reception.\r\n', 'Wedding', '*****'),
(10, 'Elleaevents', 29, 'r13.jpg', 'Elleaevents offers a perfect service to meet your specific Reception Planning needs. Our package includes consulting with a team of experts who have experience in Reception Planning. \r\nFull event planning includes:\r\nComprehensive meeting with our in-house designers to get an understanding of your vision, style and design preferences,\r\nDesign support for all aspects of the event,     \r\nLead coordinator and up to 1-2 assistants for the Event (staffing dependent on guest count),\r\n Create detailed timeline of events and distribute accordingly,\r\n Thorough vendor details\r\n   Calling to confirm details and times of arrival/delivery,\r\n        Handle distribution of payment to each vendor,\r\n    Handle clients “final touches,” such as:\r\n        Setting out programs, Reserved signs, Menu cards, Place cards, Gift Table, Guest book.\r\n    Assist with direction of guest seating for ceremony and reception.\r\n', 'Reception', '*****'),
(11, 'Elleaevents', 29, 'bp3.jpg', 'Elleaevents offers a perfect service to meet your specific Bachelor Party Planning needs. Our package includes consulting with a team of experts who have experience in Bachelor Party Planning. \r\nFull event planning includes:\r\nComprehensive meeting with our in-house designers to get an understanding of your vision, style and design preferences,\r\nDesign support for all aspects of the event,     \r\nLead coordinator and up to 1-2 assistants for the Event (staffing dependent on guest count),\r\n Create detailed timeline of events and distribute accordingly,\r\n Thorough vendor details\r\n   Calling to confirm details and times of arrival/delivery,\r\n        Handle distribution of payment to each vendor,\r\n    Handle clients “final touches,” such as:\r\n        Setting out programs, Reserved signs, Menu cards, Place cards, Gift Table, Guest book.\r\n    Assist with direction of guest seating for ceremony and reception.\r\n', 'Bachelor Party', '*****'),
(12, 'CompanyTwo', 30, 'b2.jpg', 'Lorem ipsum dolor sit amet, consectetur adipiscing elit. Morbi sit amet velit et tellus tempor eleifend tristique eget turpis. Duis in neque non eros								facilisis placerat. Morbi in facilisis turpis. Fusce tincidunt ac neque eget vestibulum. Etiam erat odio, condimentum porttitor porttitor sed, vulputate 								sed ante. Duis quis lacus congue, vehicula dolor id, tempus odio. Praesent placerat consequat urna sit amet tincidunt. Proin quis placerat velit, eu placerat massa.								Curabitur bibendum a turpis sed gravida. Donec consequat accumsan quam, sit amet vulputate odio sollicitudin vitae. Integer accumsan, erat id dictum volutpat,								turpis leo feugiat orci, eget pellentesque tortor lectus sed purus. Curabitur at lorem at libero blandit imperdiet. Maecenas est turpis, vehicula sed rutrum 								ultrices, malesuada id enim. Nulla a laoreet ligula. Cras luctus sollicitudin purus, eget tincidunt felis ultricies vitae. Etiam metus leo, pellentesque vel 								eros id, lacinia placerat velit. Aenean ullamcorper porttitor augue, nec varius dui ultrices id.								In accumsan est neque, in mollis magna accumsan et. Duis pretium lacus risus, vel varius quam tincidunt id. Vivamus vel quam mauris.								Nulla condimentum eros nunc, id ornare purus varius et. Orci varius natoque penatibus et magnis dis parturient montes, nascetur ridiculus mus. Donec hendrerit 								pretium pulvinar. Phasellus ac faucibus tellus. Ut lobortis consequat malesuada. Aenean dapibus, urna eu finibus ultricies, enim sem facilisis eros, vel placerat 								nulla massa et massa.', 'Birthday', '*****'),
(13, 'CompanyTwo', 30, 'h7.jpg', 'Lorem ipsum dolor sit amet, consectetur adipiscing elit. Morbi sit amet velit et tellus tempor eleifend tristique eget turpis. Duis in neque non eros								facilisis placerat. Morbi in facilisis turpis. Fusce tincidunt ac neque eget vestibulum. Etiam erat odio, condimentum porttitor porttitor sed, vulputate 								sed ante. Duis quis lacus congue, vehicula dolor id, tempus odio. Praesent placerat consequat urna sit amet tincidunt. Proin quis placerat velit, eu placerat massa.								Curabitur bibendum a turpis sed gravida. Donec consequat accumsan quam, sit amet vulputate odio sollicitudin vitae. Integer accumsan, erat id dictum volutpat,								turpis leo feugiat orci, eget pellentesque tortor lectus sed purus. Curabitur at lorem at libero blandit imperdiet. Maecenas est turpis, vehicula sed rutrum 								ultrices, malesuada id enim. Nulla a laoreet ligula. Cras luctus sollicitudin purus, eget tincidunt felis ultricies vitae. Etiam metus leo, pellentesque vel 								eros id, lacinia placerat velit. Aenean ullamcorper porttitor augue, nec varius dui ultrices id.								In accumsan est neque, in mollis magna accumsan et. Duis pretium lacus risus, vel varius quam tincidunt id. Vivamus vel quam mauris.								Nulla condimentum eros nunc, id ornare purus varius et. Orci varius natoque penatibus et magnis dis parturient montes, nascetur ridiculus mus. Donec hendrerit 								pretium pulvinar. Phasellus ac faucibus tellus. Ut lobortis consequat malesuada. Aenean dapibus, urna eu finibus ultricies, enim sem facilisis eros, vel placerat 								nulla massa et massa.', 'Haldi', '*****'),
(14, 'CompanyTwo', 30, 'm9.jpg', 'Lorem ipsum dolor sit amet, consectetur adipiscing elit. Morbi sit amet velit et tellus tempor eleifend tristique eget turpis. Duis in neque non eros								facilisis placerat. Morbi in facilisis turpis. Fusce tincidunt ac neque eget vestibulum. Etiam erat odio, condimentum porttitor porttitor sed, vulputate 								sed ante. Duis quis lacus congue, vehicula dolor id, tempus odio. Praesent placerat consequat urna sit amet tincidunt. Proin quis placerat velit, eu placerat massa.								Curabitur bibendum a turpis sed gravida. Donec consequat accumsan quam, sit amet vulputate odio sollicitudin vitae. Integer accumsan, erat id dictum volutpat,								turpis leo feugiat orci, eget pellentesque tortor lectus sed purus. Curabitur at lorem at libero blandit imperdiet. Maecenas est turpis, vehicula sed rutrum 								ultrices, malesuada id enim. Nulla a laoreet ligula. Cras luctus sollicitudin purus, eget tincidunt felis ultricies vitae. Etiam metus leo, pellentesque vel 								eros id, lacinia placerat velit. Aenean ullamcorper porttitor augue, nec varius dui ultrices id.								In accumsan est neque, in mollis magna accumsan et. Duis pretium lacus risus, vel varius quam tincidunt id. Vivamus vel quam mauris.								Nulla condimentum eros nunc, id ornare purus varius et. Orci varius natoque penatibus et magnis dis parturient montes, nascetur ridiculus mus. Donec hendrerit 								pretium pulvinar. Phasellus ac faucibus tellus. Ut lobortis consequat malesuada. Aenean dapibus, urna eu finibus ultricies, enim sem facilisis eros, vel placerat 								nulla massa et massa.', 'Mehendi', '*****'),
(15, 'CompanyTwo', 30, 'w16.jpg', 'Lorem ipsum dolor sit amet, consectetur adipiscing elit. Morbi sit amet velit et tellus tempor eleifend tristique eget turpis. Duis in neque non eros								facilisis placerat. Morbi in facilisis turpis. Fusce tincidunt ac neque eget vestibulum. Etiam erat odio, condimentum porttitor porttitor sed, vulputate 								sed ante. Duis quis lacus congue, vehicula dolor id, tempus odio. Praesent placerat consequat urna sit amet tincidunt. Proin quis placerat velit, eu placerat massa.								Curabitur bibendum a turpis sed gravida. Donec consequat accumsan quam, sit amet vulputate odio sollicitudin vitae. Integer accumsan, erat id dictum volutpat,								turpis leo feugiat orci, eget pellentesque tortor lectus sed purus. Curabitur at lorem at libero blandit imperdiet. Maecenas est turpis, vehicula sed rutrum 								ultrices, malesuada id enim. Nulla a laoreet ligula. Cras luctus sollicitudin purus, eget tincidunt felis ultricies vitae. Etiam metus leo, pellentesque vel 								eros id, lacinia placerat velit. Aenean ullamcorper porttitor augue, nec varius dui ultrices id.								In accumsan est neque, in mollis magna accumsan et. Duis pretium lacus risus, vel varius quam tincidunt id. Vivamus vel quam mauris.								Nulla condimentum eros nunc, id ornare purus varius et. Orci varius natoque penatibus et magnis dis parturient montes, nascetur ridiculus mus. Donec hendrerit 								pretium pulvinar. Phasellus ac faucibus tellus. Ut lobortis consequat malesuada. Aenean dapibus, urna eu finibus ultricies, enim sem facilisis eros, vel placerat 								nulla massa et massa.', 'Wedding', '*****'),
(16, 'CompanyTwo', 30, 'r1.jpg', 'Lorem ipsum dolor sit amet, consectetur adipiscing elit. Morbi sit amet velit et tellus tempor eleifend tristique eget turpis. Duis in neque non eros								facilisis placerat. Morbi in facilisis turpis. Fusce tincidunt ac neque eget vestibulum. Etiam erat odio, condimentum porttitor porttitor sed, vulputate 								sed ante. Duis quis lacus congue, vehicula dolor id, tempus odio. Praesent placerat consequat urna sit amet tincidunt. Proin quis placerat velit, eu placerat massa.								Curabitur bibendum a turpis sed gravida. Donec consequat accumsan quam, sit amet vulputate odio sollicitudin vitae. Integer accumsan, erat id dictum volutpat,								turpis leo feugiat orci, eget pellentesque tortor lectus sed purus. Curabitur at lorem at libero blandit imperdiet. Maecenas est turpis, vehicula sed rutrum 								ultrices, malesuada id enim. Nulla a laoreet ligula. Cras luctus sollicitudin purus, eget tincidunt felis ultricies vitae. Etiam metus leo, pellentesque vel 								eros id, lacinia placerat velit. Aenean ullamcorper porttitor augue, nec varius dui ultrices id.								In accumsan est neque, in mollis magna accumsan et. Duis pretium lacus risus, vel varius quam tincidunt id. Vivamus vel quam mauris.								Nulla condimentum eros nunc, id ornare purus varius et. Orci varius natoque penatibus et magnis dis parturient montes, nascetur ridiculus mus. Donec hendrerit 								pretium pulvinar. Phasellus ac faucibus tellus. Ut lobortis consequat malesuada. Aenean dapibus, urna eu finibus ultricies, enim sem facilisis eros, vel placerat 								nulla massa et massa.', 'Reception', '*****'),
(17, 'CompanyThree', 31, 'b3.jpg', 'Lorem ipsum dolor sit amet, consectetur adipiscing elit. Morbi sit amet velit et tellus tempor eleifend tristique eget turpis. Duis in neque non eros								facilisis placerat. Morbi in facilisis turpis. Fusce tincidunt ac neque eget vestibulum. Etiam erat odio, condimentum porttitor porttitor sed, vulputate 								sed ante. Duis quis lacus congue, vehicula dolor id, tempus odio. Praesent placerat consequat urna sit amet tincidunt. Proin quis placerat velit, eu placerat massa.								Curabitur bibendum a turpis sed gravida. Donec consequat accumsan quam, sit amet vulputate odio sollicitudin vitae. Integer accumsan, erat id dictum volutpat,								turpis leo feugiat orci, eget pellentesque tortor lectus sed purus. Curabitur at lorem at libero blandit imperdiet. Maecenas est turpis, vehicula sed rutrum 								ultrices, malesuada id enim. Nulla a laoreet ligula. Cras luctus sollicitudin purus, eget tincidunt felis ultricies vitae. Etiam metus leo, pellentesque vel 								eros id, lacinia placerat velit. Aenean ullamcorper porttitor augue, nec varius dui ultrices id.								In accumsan est neque, in mollis magna accumsan et. Duis pretium lacus risus, vel varius quam tincidunt id. Vivamus vel quam mauris.								Nulla condimentum eros nunc, id ornare purus varius et. Orci varius natoque penatibus et magnis dis parturient montes, nascetur ridiculus mus. Donec hendrerit 								pretium pulvinar. Phasellus ac faucibus tellus. Ut lobortis consequat malesuada. Aenean dapibus, urna eu finibus ultricies, enim sem facilisis eros, vel placerat 								nulla massa et massa.', 'Birthday', '*****'),
(18, 'CompanyThree', 31, 'w11.jpg', 'Lorem ipsum dolor sit amet, consectetur adipiscing elit. Morbi sit amet velit et tellus tempor eleifend tristique eget turpis. Duis in neque non eros								facilisis placerat. Morbi in facilisis turpis. Fusce tincidunt ac neque eget vestibulum. Etiam erat odio, condimentum porttitor porttitor sed, vulputate 								sed ante. Duis quis lacus congue, vehicula dolor id, tempus odio. Praesent placerat consequat urna sit amet tincidunt. Proin quis placerat velit, eu placerat massa.								Curabitur bibendum a turpis sed gravida. Donec consequat accumsan quam, sit amet vulputate odio sollicitudin vitae. Integer accumsan, erat id dictum volutpat,								turpis leo feugiat orci, eget pellentesque tortor lectus sed purus. Curabitur at lorem at libero blandit imperdiet. Maecenas est turpis, vehicula sed rutrum 								ultrices, malesuada id enim. Nulla a laoreet ligula. Cras luctus sollicitudin purus, eget tincidunt felis ultricies vitae. Etiam metus leo, pellentesque vel 								eros id, lacinia placerat velit. Aenean ullamcorper porttitor augue, nec varius dui ultrices id.								In accumsan est neque, in mollis magna accumsan et. Duis pretium lacus risus, vel varius quam tincidunt id. Vivamus vel quam mauris.								Nulla condimentum eros nunc, id ornare purus varius et. Orci varius natoque penatibus et magnis dis parturient montes, nascetur ridiculus mus. Donec hendrerit 								pretium pulvinar. Phasellus ac faucibus tellus. Ut lobortis consequat malesuada. Aenean dapibus, urna eu finibus ultricies, enim sem facilisis eros, vel placerat 								nulla massa et massa.', 'Wedding', '*****'),
(19, 'CompanyThree', 31, 'r7.jpg', 'Lorem ipsum dolor sit amet, consectetur adipiscing elit. Morbi sit amet velit et tellus tempor eleifend tristique eget turpis. Duis in neque non eros								facilisis placerat. Morbi in facilisis turpis. Fusce tincidunt ac neque eget vestibulum. Etiam erat odio, condimentum porttitor porttitor sed, vulputate 								sed ante. Duis quis lacus congue, vehicula dolor id, tempus odio. Praesent placerat consequat urna sit amet tincidunt. Proin quis placerat velit, eu placerat massa.								Curabitur bibendum a turpis sed gravida. Donec consequat accumsan quam, sit amet vulputate odio sollicitudin vitae. Integer accumsan, erat id dictum volutpat,								turpis leo feugiat orci, eget pellentesque tortor lectus sed purus. Curabitur at lorem at libero blandit imperdiet. Maecenas est turpis, vehicula sed rutrum 								ultrices, malesuada id enim. Nulla a laoreet ligula. Cras luctus sollicitudin purus, eget tincidunt felis ultricies vitae. Etiam metus leo, pellentesque vel 								eros id, lacinia placerat velit. Aenean ullamcorper porttitor augue, nec varius dui ultrices id.								In accumsan est neque, in mollis magna accumsan et. Duis pretium lacus risus, vel varius quam tincidunt id. Vivamus vel quam mauris.								Nulla condimentum eros nunc, id ornare purus varius et. Orci varius natoque penatibus et magnis dis parturient montes, nascetur ridiculus mus. Donec hendrerit 								pretium pulvinar. Phasellus ac faucibus tellus. Ut lobortis consequat malesuada. Aenean dapibus, urna eu finibus ultricies, enim sem facilisis eros, vel placerat 								nulla massa et massa.', 'Reception', '*****'),
(20, 'CompanyFour', 32, 'b7.jpg', 'Lorem ipsum dolor sit amet, consectetur adipiscing elit. Morbi sit amet velit et tellus tempor eleifend tristique eget turpis. Duis in neque non eros 								facilisis placerat. Morbi in facilisis turpis. Fusce tincidunt ac neque eget vestibulum. Etiam erat odio, condimentum porttitor porttitor sed, vulputate  								sed ante. Duis quis lacus congue, vehicula dolor id, tempus odio. Praesent placerat consequat urna sit amet tincidunt. Proin quis placerat velit, eu placerat massa. 								Curabitur bibendum a turpis sed gravida. Donec consequat accumsan quam, sit amet vulputate odio sollicitudin vitae. Integer accumsan, erat id dictum volutpat, 								turpis leo feugiat orci, eget pellentesque tortor lectus sed purus. Curabitur at lorem at libero blandit imperdiet. Maecenas est turpis, vehicula sed rutrum  								ultrices, malesuada id enim. Nulla a laoreet ligula. Cras luctus sollicitudin purus, eget tincidunt felis ultricies vitae. Etiam metus leo, pellentesque vel  								eros id, lacinia placerat velit. Aenean ullamcorper porttitor augue, nec varius dui ultrices id. 								In accumsan est neque, in mollis magna accumsan et. Duis pretium lacus risus, vel varius quam tincidunt id. Vivamus vel quam mauris. 								Nulla condimentum eros nunc, id ornare purus varius et. Orci varius natoque penatibus et magnis dis parturient montes, nascetur ridiculus mus. Donec hendrerit  								pretium pulvinar. Phasellus ac faucibus tellus. Ut lobortis consequat malesuada. Aenean dapibus, urna eu finibus ultricies, enim sem facilisis eros, vel placerat  								nulla massa et massa.', 'Birthday', '*****'),
(21, 'CompanyFour', 32, 'bp6.jpg', 'Lorem ipsum dolor sit amet, consectetur adipiscing elit. Morbi sit amet velit et tellus tempor eleifend tristique eget turpis. Duis in neque non eros 								facilisis placerat. Morbi in facilisis turpis. Fusce tincidunt ac neque eget vestibulum. Etiam erat odio, condimentum porttitor porttitor sed, vulputate  								sed ante. Duis quis lacus congue, vehicula dolor id, tempus odio. Praesent placerat consequat urna sit amet tincidunt. Proin quis placerat velit, eu placerat massa. 								Curabitur bibendum a turpis sed gravida. Donec consequat accumsan quam, sit amet vulputate odio sollicitudin vitae. Integer accumsan, erat id dictum volutpat, 								turpis leo feugiat orci, eget pellentesque tortor lectus sed purus. Curabitur at lorem at libero blandit imperdiet. Maecenas est turpis, vehicula sed rutrum  								ultrices, malesuada id enim. Nulla a laoreet ligula. Cras luctus sollicitudin purus, eget tincidunt felis ultricies vitae. Etiam metus leo, pellentesque vel  								eros id, lacinia placerat velit. Aenean ullamcorper porttitor augue, nec varius dui ultrices id. 								In accumsan est neque, in mollis magna accumsan et. Duis pretium lacus risus, vel varius quam tincidunt id. Vivamus vel quam mauris. 								Nulla condimentum eros nunc, id ornare purus varius et. Orci varius natoque penatibus et magnis dis parturient montes, nascetur ridiculus mus. Donec hendrerit  								pretium pulvinar. Phasellus ac faucibus tellus. Ut lobortis consequat malesuada. Aenean dapibus, urna eu finibus ultricies, enim sem facilisis eros, vel placerat  								nulla massa et massa.', 'Bachelor Party', '*****'),
(22, 'CompanyFour', 32, 'a7.jpg', 'Lorem ipsum dolor sit amet, consectetur adipiscing elit. Morbi sit amet velit et tellus tempor eleifend tristique eget turpis. Duis in neque non eros 								facilisis placerat. Morbi in facilisis turpis. Fusce tincidunt ac neque eget vestibulum. Etiam erat odio, condimentum porttitor porttitor sed, vulputate  								sed ante. Duis quis lacus congue, vehicula dolor id, tempus odio. Praesent placerat consequat urna sit amet tincidunt. Proin quis placerat velit, eu placerat massa. 								Curabitur bibendum a turpis sed gravida. Donec consequat accumsan quam, sit amet vulputate odio sollicitudin vitae. Integer accumsan, erat id dictum volutpat, 								turpis leo feugiat orci, eget pellentesque tortor lectus sed purus. Curabitur at lorem at libero blandit imperdiet. Maecenas est turpis, vehicula sed rutrum  								ultrices, malesuada id enim. Nulla a laoreet ligula. Cras luctus sollicitudin purus, eget tincidunt felis ultricies vitae. Etiam metus leo, pellentesque vel  								eros id, lacinia placerat velit. Aenean ullamcorper porttitor augue, nec varius dui ultrices id. 								In accumsan est neque, in mollis magna accumsan et. Duis pretium lacus risus, vel varius quam tincidunt id. Vivamus vel quam mauris. 								Nulla condimentum eros nunc, id ornare purus varius et. Orci varius natoque penatibus et magnis dis parturient montes, nascetur ridiculus mus. Donec hendrerit  								pretium pulvinar. Phasellus ac faucibus tellus. Ut lobortis consequat malesuada. Aenean dapibus, urna eu finibus ultricies, enim sem facilisis eros, vel placerat  								nulla massa et massa.', 'Aqiqa', '*****'),
(23, 'CompanyFour', 32, 'h4.jpg', 'Lorem ipsum dolor sit amet, consectetur adipiscing elit. Morbi sit amet velit et tellus tempor eleifend tristique eget turpis. Duis in neque non eros 								facilisis placerat. Morbi in facilisis turpis. Fusce tincidunt ac neque eget vestibulum. Etiam erat odio, condimentum porttitor porttitor sed, vulputate  								sed ante. Duis quis lacus congue, vehicula dolor id, tempus odio. Praesent placerat consequat urna sit amet tincidunt. Proin quis placerat velit, eu placerat massa. 								Curabitur bibendum a turpis sed gravida. Donec consequat accumsan quam, sit amet vulputate odio sollicitudin vitae. Integer accumsan, erat id dictum volutpat, 								turpis leo feugiat orci, eget pellentesque tortor lectus sed purus. Curabitur at lorem at libero blandit imperdiet. Maecenas est turpis, vehicula sed rutrum  								ultrices, malesuada id enim. Nulla a laoreet ligula. Cras luctus sollicitudin purus, eget tincidunt felis ultricies vitae. Etiam metus leo, pellentesque vel  								eros id, lacinia placerat velit. Aenean ullamcorper porttitor augue, nec varius dui ultrices id. 								In accumsan est neque, in mollis magna accumsan et. Duis pretium lacus risus, vel varius quam tincidunt id. Vivamus vel quam mauris. 								Nulla condimentum eros nunc, id ornare purus varius et. Orci varius natoque penatibus et magnis dis parturient montes, nascetur ridiculus mus. Donec hendrerit  								pretium pulvinar. Phasellus ac faucibus tellus. Ut lobortis consequat malesuada. Aenean dapibus, urna eu finibus ultricies, enim sem facilisis eros, vel placerat  								nulla massa et massa.', 'Haldi', '*****'),
(24, 'CompanyFour', 32, 'm3.jpg', 'Lorem ipsum dolor sit amet, consectetur adipiscing elit. Morbi sit amet velit et tellus tempor eleifend tristique eget turpis. Duis in neque non eros 								facilisis placerat. Morbi in facilisis turpis. Fusce tincidunt ac neque eget vestibulum. Etiam erat odio, condimentum porttitor porttitor sed, vulputate  								sed ante. Duis quis lacus congue, vehicula dolor id, tempus odio. Praesent placerat consequat urna sit amet tincidunt. Proin quis placerat velit, eu placerat massa. 								Curabitur bibendum a turpis sed gravida. Donec consequat accumsan quam, sit amet vulputate odio sollicitudin vitae. Integer accumsan, erat id dictum volutpat, 								turpis leo feugiat orci, eget pellentesque tortor lectus sed purus. Curabitur at lorem at libero blandit imperdiet. Maecenas est turpis, vehicula sed rutrum  								ultrices, malesuada id enim. Nulla a laoreet ligula. Cras luctus sollicitudin purus, eget tincidunt felis ultricies vitae. Etiam metus leo, pellentesque vel  								eros id, lacinia placerat velit. Aenean ullamcorper porttitor augue, nec varius dui ultrices id. 								In accumsan est neque, in mollis magna accumsan et. Duis pretium lacus risus, vel varius quam tincidunt id. Vivamus vel quam mauris. 								Nulla condimentum eros nunc, id ornare purus varius et. Orci varius natoque penatibus et magnis dis parturient montes, nascetur ridiculus mus. Donec hendrerit  								pretium pulvinar. Phasellus ac faucibus tellus. Ut lobortis consequat malesuada. Aenean dapibus, urna eu finibus ultricies, enim sem facilisis eros, vel placerat  								nulla massa et massa.', 'Mehendi', '*****'),
(25, 'CompanyFour', 32, 'e12.jpg', 'Lorem ipsum dolor sit amet, consectetur adipiscing elit. Morbi sit amet velit et tellus tempor eleifend tristique eget turpis. Duis in neque non eros 								facilisis placerat. Morbi in facilisis turpis. Fusce tincidunt ac neque eget vestibulum. Etiam erat odio, condimentum porttitor porttitor sed, vulputate  								sed ante. Duis quis lacus congue, vehicula dolor id, tempus odio. Praesent placerat consequat urna sit amet tincidunt. Proin quis placerat velit, eu placerat massa. 								Curabitur bibendum a turpis sed gravida. Donec consequat accumsan quam, sit amet vulputate odio sollicitudin vitae. Integer accumsan, erat id dictum volutpat, 								turpis leo feugiat orci, eget pellentesque tortor lectus sed purus. Curabitur at lorem at libero blandit imperdiet. Maecenas est turpis, vehicula sed rutrum  								ultrices, malesuada id enim. Nulla a laoreet ligula. Cras luctus sollicitudin purus, eget tincidunt felis ultricies vitae. Etiam metus leo, pellentesque vel  								eros id, lacinia placerat velit. Aenean ullamcorper porttitor augue, nec varius dui ultrices id. 								In accumsan est neque, in mollis magna accumsan et. Duis pretium lacus risus, vel varius quam tincidunt id. Vivamus vel quam mauris. 								Nulla condimentum eros nunc, id ornare purus varius et. Orci varius natoque penatibus et magnis dis parturient montes, nascetur ridiculus mus. Donec hendrerit  								pretium pulvinar. Phasellus ac faucibus tellus. Ut lobortis consequat malesuada. Aenean dapibus, urna eu finibus ultricies, enim sem facilisis eros, vel placerat  								nulla massa et massa.', 'Engagement', '*****'),
(26, 'CompanyFour', 32, 'w1.jpg', 'Lorem ipsum dolor sit amet, consectetur adipiscing elit. Morbi sit amet velit et tellus tempor eleifend tristique eget turpis. Duis in neque non eros 								facilisis placerat. Morbi in facilisis turpis. Fusce tincidunt ac neque eget vestibulum. Etiam erat odio, condimentum porttitor porttitor sed, vulputate  								sed ante. Duis quis lacus congue, vehicula dolor id, tempus odio. Praesent placerat consequat urna sit amet tincidunt. Proin quis placerat velit, eu placerat massa. 								Curabitur bibendum a turpis sed gravida. Donec consequat accumsan quam, sit amet vulputate odio sollicitudin vitae. Integer accumsan, erat id dictum volutpat, 								turpis leo feugiat orci, eget pellentesque tortor lectus sed purus. Curabitur at lorem at libero blandit imperdiet. Maecenas est turpis, vehicula sed rutrum  								ultrices, malesuada id enim. Nulla a laoreet ligula. Cras luctus sollicitudin purus, eget tincidunt felis ultricies vitae. Etiam metus leo, pellentesque vel  								eros id, lacinia placerat velit. Aenean ullamcorper porttitor augue, nec varius dui ultrices id. 								In accumsan est neque, in mollis magna accumsan et. Duis pretium lacus risus, vel varius quam tincidunt id. Vivamus vel quam mauris. 								Nulla condimentum eros nunc, id ornare purus varius et. Orci varius natoque penatibus et magnis dis parturient montes, nascetur ridiculus mus. Donec hendrerit  								pretium pulvinar. Phasellus ac faucibus tellus. Ut lobortis consequat malesuada. Aenean dapibus, urna eu finibus ultricies, enim sem facilisis eros, vel placerat  								nulla massa et massa.', 'Wedding', '*****'),
(27, 'CompanyFour', 32, 'r2.jpg', 'Lorem ipsum dolor sit amet, consectetur adipiscing elit. Morbi sit amet velit et tellus tempor eleifend tristique eget turpis. Duis in neque non eros 								facilisis placerat. Morbi in facilisis turpis. Fusce tincidunt ac neque eget vestibulum. Etiam erat odio, condimentum porttitor porttitor sed, vulputate  								sed ante. Duis quis lacus congue, vehicula dolor id, tempus odio. Praesent placerat consequat urna sit amet tincidunt. Proin quis placerat velit, eu placerat massa. 								Curabitur bibendum a turpis sed gravida. Donec consequat accumsan quam, sit amet vulputate odio sollicitudin vitae. Integer accumsan, erat id dictum volutpat, 								turpis leo feugiat orci, eget pellentesque tortor lectus sed purus. Curabitur at lorem at libero blandit imperdiet. Maecenas est turpis, vehicula sed rutrum  								ultrices, malesuada id enim. Nulla a laoreet ligula. Cras luctus sollicitudin purus, eget tincidunt felis ultricies vitae. Etiam metus leo, pellentesque vel  								eros id, lacinia placerat velit. Aenean ullamcorper porttitor augue, nec varius dui ultrices id. 								In accumsan est neque, in mollis magna accumsan et. Duis pretium lacus risus, vel varius quam tincidunt id. Vivamus vel quam mauris. 								Nulla condimentum eros nunc, id ornare purus varius et. Orci varius natoque penatibus et magnis dis parturient montes, nascetur ridiculus mus. Donec hendrerit  								pretium pulvinar. Phasellus ac faucibus tellus. Ut lobortis consequat malesuada. Aenean dapibus, urna eu finibus ultricies, enim sem facilisis eros, vel placerat  								nulla massa et massa.', 'Reception', '*****'),
(28, 'CompanyFour', 32, 'sn4.jpg', 'Lorem ipsum dolor sit amet, consectetur adipiscing elit. Morbi sit amet velit et tellus tempor eleifend tristique eget turpis. Duis in neque non eros 								facilisis placerat. Morbi in facilisis turpis. Fusce tincidunt ac neque eget vestibulum. Etiam erat odio, condimentum porttitor porttitor sed, vulputate  								sed ante. Duis quis lacus congue, vehicula dolor id, tempus odio. Praesent placerat consequat urna sit amet tincidunt. Proin quis placerat velit, eu placerat massa. 								Curabitur bibendum a turpis sed gravida. Donec consequat accumsan quam, sit amet vulputate odio sollicitudin vitae. Integer accumsan, erat id dictum volutpat, 								turpis leo feugiat orci, eget pellentesque tortor lectus sed purus. Curabitur at lorem at libero blandit imperdiet. Maecenas est turpis, vehicula sed rutrum  								ultrices, malesuada id enim. Nulla a laoreet ligula. Cras luctus sollicitudin purus, eget tincidunt felis ultricies vitae. Etiam metus leo, pellentesque vel  								eros id, lacinia placerat velit. Aenean ullamcorper porttitor augue, nec varius dui ultrices id. 								In accumsan est neque, in mollis magna accumsan et. Duis pretium lacus risus, vel varius quam tincidunt id. Vivamus vel quam mauris. 								Nulla condimentum eros nunc, id ornare purus varius et. Orci varius natoque penatibus et magnis dis parturient montes, nascetur ridiculus mus. Donec hendrerit  								pretium pulvinar. Phasellus ac faucibus tellus. Ut lobortis consequat malesuada. Aenean dapibus, urna eu finibus ultricies, enim sem facilisis eros, vel placerat  								nulla massa et massa.', 'Sangeet', '*****'),
(63, 'CompanyFive', 33, 'a4.jpg', 'Lorem ipsum dolor sit amet, consectetur adipiscing elit. Morbi sit amet velit et tellus tempor eleifend tristique eget turpis. Duis in neque non eros								facilisis placerat. Morbi in facilisis turpis. Fusce tincidunt ac neque eget vestibulum. Etiam erat odio, condimentum porttitor porttitor sed, vulputate 								sed ante. Duis quis lacus congue, vehicula dolor id, tempus odio. Praesent placerat consequat urna sit amet tincidunt. Proin quis placerat velit, eu placerat massa.								Curabitur bibendum a turpis sed gravida. Donec consequat accumsan quam, sit amet vulputate odio sollicitudin vitae. Integer accumsan, erat id dictum volutpat,								turpis leo feugiat orci, eget pellentesque tortor lectus sed purus. Curabitur at lorem at libero blandit imperdiet. Maecenas est turpis, vehicula sed rutrum 								ultrices, malesuada id enim. Nulla a laoreet ligula. Cras luctus sollicitudin purus, eget tincidunt felis ultricies vitae. Etiam metus leo, pellentesque vel 								eros id, lacinia placerat velit. Aenean ullamcorper porttitor augue, nec varius dui ultrices id.								In accumsan est neque, in mollis magna accumsan et. Duis pretium lacus risus, vel varius quam tincidunt id. Vivamus vel quam mauris.								Nulla condimentum eros nunc, id ornare purus varius et. Orci varius natoque penatibus et magnis dis parturient montes, nascetur ridiculus mus. Donec hendrerit 								pretium pulvinar. Phasellus ac faucibus tellus. Ut lobortis consequat malesuada. Aenean dapibus, urna eu finibus ultricies, enim sem facilisis eros, vel placerat 								nulla massa et massa.', 'Aqiqa', '*****'),
(64, 'CompanyFive', 33, 'b5.jpg', 'Lorem ipsum dolor sit amet, consectetur adipiscing elit. Morbi sit amet velit et tellus tempor eleifend tristique eget turpis. Duis in neque non eros								facilisis placerat. Morbi in facilisis turpis. Fusce tincidunt ac neque eget vestibulum. Etiam erat odio, condimentum porttitor porttitor sed, vulputate 								sed ante. Duis quis lacus congue, vehicula dolor id, tempus odio. Praesent placerat consequat urna sit amet tincidunt. Proin quis placerat velit, eu placerat massa.								Curabitur bibendum a turpis sed gravida. Donec consequat accumsan quam, sit amet vulputate odio sollicitudin vitae. Integer accumsan, erat id dictum volutpat,								turpis leo feugiat orci, eget pellentesque tortor lectus sed purus. Curabitur at lorem at libero blandit imperdiet. Maecenas est turpis, vehicula sed rutrum 								ultrices, malesuada id enim. Nulla a laoreet ligula. Cras luctus sollicitudin purus, eget tincidunt felis ultricies vitae. Etiam metus leo, pellentesque vel 								eros id, lacinia placerat velit. Aenean ullamcorper porttitor augue, nec varius dui ultrices id.								In accumsan est neque, in mollis magna accumsan et. Duis pretium lacus risus, vel varius quam tincidunt id. Vivamus vel quam mauris.								Nulla condimentum eros nunc, id ornare purus varius et. Orci varius natoque penatibus et magnis dis parturient montes, nascetur ridiculus mus. Donec hendrerit 								pretium pulvinar. Phasellus ac faucibus tellus. Ut lobortis consequat malesuada. Aenean dapibus, urna eu finibus ultricies, enim sem facilisis eros, vel placerat 								nulla massa et massa.', 'Birthday', '******'),
(65, 'CompanyFive', 33, 'e4.jpg', 'Lorem ipsum dolor sit amet, consectetur adipiscing elit. Morbi sit amet velit et tellus tempor eleifend tristique eget turpis. Duis in neque non eros								facilisis placerat. Morbi in facilisis turpis. Fusce tincidunt ac neque eget vestibulum. Etiam erat odio, condimentum porttitor porttitor sed, vulputate 								sed ante. Duis quis lacus congue, vehicula dolor id, tempus odio. Praesent placerat consequat urna sit amet tincidunt. Proin quis placerat velit, eu placerat massa.								Curabitur bibendum a turpis sed gravida. Donec consequat accumsan quam, sit amet vulputate odio sollicitudin vitae. Integer accumsan, erat id dictum volutpat,								turpis leo feugiat orci, eget pellentesque tortor lectus sed purus. Curabitur at lorem at libero blandit imperdiet. Maecenas est turpis, vehicula sed rutrum 								ultrices, malesuada id enim. Nulla a laoreet ligula. Cras luctus sollicitudin purus, eget tincidunt felis ultricies vitae. Etiam metus leo, pellentesque vel 								eros id, lacinia placerat velit. Aenean ullamcorper porttitor augue, nec varius dui ultrices id.								In accumsan est neque, in mollis magna accumsan et. Duis pretium lacus risus, vel varius quam tincidunt id. Vivamus vel quam mauris.								Nulla condimentum eros nunc, id ornare purus varius et. Orci varius natoque penatibus et magnis dis parturient montes, nascetur ridiculus mus. Donec hendrerit 								pretium pulvinar. Phasellus ac faucibus tellus. Ut lobortis consequat malesuada. Aenean dapibus, urna eu finibus ultricies, enim sem facilisis eros, vel placerat 								nulla massa et massa.', 'Engagement', '******'),
(66, 'CompanyFive', 33, 'w8.jpg', 'Lorem ipsum dolor sit amet, consectetur adipiscing elit. Morbi sit amet velit et tellus tempor eleifend tristique eget turpis. Duis in neque non eros								facilisis placerat. Morbi in facilisis turpis. Fusce tincidunt ac neque eget vestibulum. Etiam erat odio, condimentum porttitor porttitor sed, vulputate 								sed ante. Duis quis lacus congue, vehicula dolor id, tempus odio. Praesent placerat consequat urna sit amet tincidunt. Proin quis placerat velit, eu placerat massa.								Curabitur bibendum a turpis sed gravida. Donec consequat accumsan quam, sit amet vulputate odio sollicitudin vitae. Integer accumsan, erat id dictum volutpat,								turpis leo feugiat orci, eget pellentesque tortor lectus sed purus. Curabitur at lorem at libero blandit imperdiet. Maecenas est turpis, vehicula sed rutrum 								ultrices, malesuada id enim. Nulla a laoreet ligula. Cras luctus sollicitudin purus, eget tincidunt felis ultricies vitae. Etiam metus leo, pellentesque vel 								eros id, lacinia placerat velit. Aenean ullamcorper porttitor augue, nec varius dui ultrices id.								In accumsan est neque, in mollis magna accumsan et. Duis pretium lacus risus, vel varius quam tincidunt id. Vivamus vel quam mauris.								Nulla condimentum eros nunc, id ornare purus varius et. Orci varius natoque penatibus et magnis dis parturient montes, nascetur ridiculus mus. Donec hendrerit 								pretium pulvinar. Phasellus ac faucibus tellus. Ut lobortis consequat malesuada. Aenean dapibus, urna eu finibus ultricies, enim sem facilisis eros, vel placerat 								nulla massa et massa.', 'Wedding', '*****'),
(67, 'CompanyFive', 33, 'r6.jpg', 'Lorem ipsum dolor sit amet, consectetur adipiscing elit. Morbi sit amet velit et tellus tempor eleifend tristique eget turpis. Duis in neque non eros								facilisis placerat. Morbi in facilisis turpis. Fusce tincidunt ac neque eget vestibulum. Etiam erat odio, condimentum porttitor porttitor sed, vulputate 								sed ante. Duis quis lacus congue, vehicula dolor id, tempus odio. Praesent placerat consequat urna sit amet tincidunt. Proin quis placerat velit, eu placerat massa.								Curabitur bibendum a turpis sed gravida. Donec consequat accumsan quam, sit amet vulputate odio sollicitudin vitae. Integer accumsan, erat id dictum volutpat,								turpis leo feugiat orci, eget pellentesque tortor lectus sed purus. Curabitur at lorem at libero blandit imperdiet. Maecenas est turpis, vehicula sed rutrum 								ultrices, malesuada id enim. Nulla a laoreet ligula. Cras luctus sollicitudin purus, eget tincidunt felis ultricies vitae. Etiam metus leo, pellentesque vel 								eros id, lacinia placerat velit. Aenean ullamcorper porttitor augue, nec varius dui ultrices id.								In accumsan est neque, in mollis magna accumsan et. Duis pretium lacus risus, vel varius quam tincidunt id. Vivamus vel quam mauris.								Nulla condimentum eros nunc, id ornare purus varius et. Orci varius natoque penatibus et magnis dis parturient montes, nascetur ridiculus mus. Donec hendrerit 								pretium pulvinar. Phasellus ac faucibus tellus. Ut lobortis consequat malesuada. Aenean dapibus, urna eu finibus ultricies, enim sem facilisis eros, vel placerat 								nulla massa et massa.', 'Reception', '******'),
(68, 'CompanyFive', 33, 'h8.jpg', 'Lorem ipsum dolor sit amet, consectetur adipiscing elit. Morbi sit amet velit et tellus tempor eleifend tristique eget turpis. Duis in neque non eros								facilisis placerat. Morbi in facilisis turpis. Fusce tincidunt ac neque eget vestibulum. Etiam erat odio, condimentum porttitor porttitor sed, vulputate 								sed ante. Duis quis lacus congue, vehicula dolor id, tempus odio. Praesent placerat consequat urna sit amet tincidunt. Proin quis placerat velit, eu placerat massa.								Curabitur bibendum a turpis sed gravida. Donec consequat accumsan quam, sit amet vulputate odio sollicitudin vitae. Integer accumsan, erat id dictum volutpat,								turpis leo feugiat orci, eget pellentesque tortor lectus sed purus. Curabitur at lorem at libero blandit imperdiet. Maecenas est turpis, vehicula sed rutrum 								ultrices, malesuada id enim. Nulla a laoreet ligula. Cras luctus sollicitudin purus, eget tincidunt felis ultricies vitae. Etiam metus leo, pellentesque vel 								eros id, lacinia placerat velit. Aenean ullamcorper porttitor augue, nec varius dui ultrices id.								In accumsan est neque, in mollis magna accumsan et. Duis pretium lacus risus, vel varius quam tincidunt id. Vivamus vel quam mauris.								Nulla condimentum eros nunc, id ornare purus varius et. Orci varius natoque penatibus et magnis dis parturient montes, nascetur ridiculus mus. Donec hendrerit 								pretium pulvinar. Phasellus ac faucibus tellus. Ut lobortis consequat malesuada. Aenean dapibus, urna eu finibus ultricies, enim sem facilisis eros, vel placerat 								nulla massa et massa.', 'Haldi', '*******'),
(69, 'CompanyFive', 33, 'm2.jpg', 'Lorem ipsum dolor sit amet, consectetur adipiscing elit. Morbi sit amet velit et tellus tempor eleifend tristique eget turpis. Duis in neque non eros								facilisis placerat. Morbi in facilisis turpis. Fusce tincidunt ac neque eget vestibulum. Etiam erat odio, condimentum porttitor porttitor sed, vulputate 								sed ante. Duis quis lacus congue, vehicula dolor id, tempus odio. Praesent placerat consequat urna sit amet tincidunt. Proin quis placerat velit, eu placerat massa.								Curabitur bibendum a turpis sed gravida. Donec consequat accumsan quam, sit amet vulputate odio sollicitudin vitae. Integer accumsan, erat id dictum volutpat,								turpis leo feugiat orci, eget pellentesque tortor lectus sed purus. Curabitur at lorem at libero blandit imperdiet. Maecenas est turpis, vehicula sed rutrum 								ultrices, malesuada id enim. Nulla a laoreet ligula. Cras luctus sollicitudin purus, eget tincidunt felis ultricies vitae. Etiam metus leo, pellentesque vel 								eros id, lacinia placerat velit. Aenean ullamcorper porttitor augue, nec varius dui ultrices id.								In accumsan est neque, in mollis magna accumsan et. Duis pretium lacus risus, vel varius quam tincidunt id. Vivamus vel quam mauris.								Nulla condimentum eros nunc, id ornare purus varius et. Orci varius natoque penatibus et magnis dis parturient montes, nascetur ridiculus mus. Donec hendrerit 								pretium pulvinar. Phasellus ac faucibus tellus. Ut lobortis consequat malesuada. Aenean dapibus, urna eu finibus ultricies, enim sem facilisis eros, vel placerat 								nulla massa et massa.', 'Mehendi', '*******');
INSERT INTO `tbl_service` (`ID`, `Company_Name`, `User_id`, `Service_Image`, `Service_Details`, `Event_Type`, `Service_Charge`) VALUES
(70, 'CompanyFive', 33, 'sn11.jpg', 'Lorem ipsum dolor sit amet, consectetur adipiscing elit. Morbi sit amet velit et tellus tempor eleifend tristique eget turpis. Duis in neque non eros								facilisis placerat. Morbi in facilisis turpis. Fusce tincidunt ac neque eget vestibulum. Etiam erat odio, condimentum porttitor porttitor sed, vulputate 								sed ante. Duis quis lacus congue, vehicula dolor id, tempus odio. Praesent placerat consequat urna sit amet tincidunt. Proin quis placerat velit, eu placerat massa.								Curabitur bibendum a turpis sed gravida. Donec consequat accumsan quam, sit amet vulputate odio sollicitudin vitae. Integer accumsan, erat id dictum volutpat,								turpis leo feugiat orci, eget pellentesque tortor lectus sed purus. Curabitur at lorem at libero blandit imperdiet. Maecenas est turpis, vehicula sed rutrum 								ultrices, malesuada id enim. Nulla a laoreet ligula. Cras luctus sollicitudin purus, eget tincidunt felis ultricies vitae. Etiam metus leo, pellentesque vel 								eros id, lacinia placerat velit. Aenean ullamcorper porttitor augue, nec varius dui ultrices id.								In accumsan est neque, in mollis magna accumsan et. Duis pretium lacus risus, vel varius quam tincidunt id. Vivamus vel quam mauris.								Nulla condimentum eros nunc, id ornare purus varius et. Orci varius natoque penatibus et magnis dis parturient montes, nascetur ridiculus mus. Donec hendrerit 								pretium pulvinar. Phasellus ac faucibus tellus. Ut lobortis consequat malesuada. Aenean dapibus, urna eu finibus ultricies, enim sem facilisis eros, vel placerat 								nulla massa et massa.', 'Sangeet', '*********'),
(71, 'CompanyFive', 33, '6.jpg', 'Lorem ipsum dolor sit amet, consectetur adipiscing elit. Morbi sit amet velit et tellus tempor eleifend tristique eget turpis. Duis in neque non eros								facilisis placerat. Morbi in facilisis turpis. Fusce tincidunt ac neque eget vestibulum. Etiam erat odio, condimentum porttitor porttitor sed, vulputate 								sed ante. Duis quis lacus congue, vehicula dolor id, tempus odio. Praesent placerat consequat urna sit amet tincidunt. Proin quis placerat velit, eu placerat massa.								Curabitur bibendum a turpis sed gravida. Donec consequat accumsan quam, sit amet vulputate odio sollicitudin vitae. Integer accumsan, erat id dictum volutpat,								turpis leo feugiat orci, eget pellentesque tortor lectus sed purus. Curabitur at lorem at libero blandit imperdiet. Maecenas est turpis, vehicula sed rutrum 								ultrices, malesuada id enim. Nulla a laoreet ligula. Cras luctus sollicitudin purus, eget tincidunt felis ultricies vitae. Etiam metus leo, pellentesque vel 								eros id, lacinia placerat velit. Aenean ullamcorper porttitor augue, nec varius dui ultrices id.								In accumsan est neque, in mollis magna accumsan et. Duis pretium lacus risus, vel varius quam tincidunt id. Vivamus vel quam mauris.								Nulla condimentum eros nunc, id ornare purus varius et. Orci varius natoque penatibus et magnis dis parturient montes, nascetur ridiculus mus. Donec hendrerit 								pretium pulvinar. Phasellus ac faucibus tellus. Ut lobortis consequat malesuada. Aenean dapibus, urna eu finibus ultricies, enim sem facilisis eros, vel placerat 								nulla massa et massa.', 'Bachelor Party', '******');

-- --------------------------------------------------------

--
-- Table structure for table `tbl_user`
--

CREATE TABLE `tbl_user` (
  `ID` int(11) NOT NULL,
  `Name` text NOT NULL,
  `Email` varchar(255) NOT NULL,
  `Password` varchar(255) NOT NULL,
  `Mobile` varchar(14) NOT NULL,
  `Type` text NOT NULL
) ENGINE=InnoDB DEFAULT CHARSET=utf8;

--
-- Dumping data for table `tbl_user`
--

INSERT INTO `tbl_user` (`ID`, `Name`, `Email`, `Password`, `Mobile`, `Type`) VALUES
(4, 'Nishat', 'nishat@gmail.com', '12345678', '+8801300420254', 'User'),
(11, 'a', 'a@gmail.com', '12345678', '+8801726749370', 'User'),
(13, 'Y', 'y@gmail.com', '1234567', '+8801726749370', 'Admin'),
(16, 'abc', 'abc@gmail.com', '123456', '+8801726749370', 'User'),
(29, 'Elleaevents', 'e1@gmail.com', 'e1', '+8801726749370', 'Company'),
(30, 'CompanyTwo', 'c2@gmail.com', 'c2', '+8801726749370', 'Company'),
(31, 'CompanyThree', 'c3@gmail.com', 'c3', '+8801726749370', 'Company'),
(32, 'CompanyFour', 'c4@gmail.com', 'c4', '+8801726749370', 'Company'),
(33, 'CompanyFive', 'c5@gmail.com', 'c5', '+8801726749370', 'Company'),
(39, 'b', 'b@gmail.com', 'b1', '+8801726749370', 'User'),
(40, 'f', 'f@gmail.com', 'f1', '+8801726749370', 'User'),
(41, 'abp', 'abp@gmail.com', 'abp', '+8801726749370', 'User'),
(42, 'abk', 'abk@gmail.com', '12345', '+8801726749370', 'User'),
(43, 'abm', 'abm@gmail.com', '12345', '+8801726749370', 'User');

--
-- Indexes for dumped tables
--

--
-- Indexes for table `tbl_booking`
--
ALTER TABLE `tbl_booking`
  ADD PRIMARY KEY (`Booking_ID`);

--
-- Indexes for table `tbl_service`
--
ALTER TABLE `tbl_service`
  ADD PRIMARY KEY (`ID`);

--
-- Indexes for table `tbl_user`
--
ALTER TABLE `tbl_user`
  ADD PRIMARY KEY (`ID`);

--
-- AUTO_INCREMENT for dumped tables
--

--
-- AUTO_INCREMENT for table `tbl_booking`
--
ALTER TABLE `tbl_booking`
  MODIFY `Booking_ID` int(11) NOT NULL AUTO_INCREMENT, AUTO_INCREMENT=13;

--
-- AUTO_INCREMENT for table `tbl_service`
--
ALTER TABLE `tbl_service`
  MODIFY `ID` int(11) NOT NULL AUTO_INCREMENT, AUTO_INCREMENT=79;

--
-- AUTO_INCREMENT for table `tbl_user`
--
ALTER TABLE `tbl_user`
  MODIFY `ID` int(11) NOT NULL AUTO_INCREMENT, AUTO_INCREMENT=51;
COMMIT;

/*!40101 SET CHARACTER_SET_CLIENT=@OLD_CHARACTER_SET_CLIENT */;
/*!40101 SET CHARACTER_SET_RESULTS=@OLD_CHARACTER_SET_RESULTS */;
/*!40101 SET COLLATION_CONNECTION=@OLD_COLLATION_CONNECTION */;
